1/2/19 12:00 AM,1
1/4/19 12:00 AM,2
2/5/19 12:00 AM,3
3/8/19 12:00 AM,4
1/12/19 12:00 AM,5
3/2/19 12:00 AM,6
1/11/19 12:00 AM,7
3/16/19 12:00 AM,8
1/11/19 12:00 AM,9
3/11/19 12:00 AM,10
2/21/19 12:00 AM,11
1/26/19 12:00 AM,12
1/12/19 12:00 AM,13
1/27/19 12:00 AM,14
1/24/19 12:00 AM,15
2/18/19 12:00 AM,16
1/26/19 12:00 AM,17
2/26/19 12:00 AM,18
1/15/19 12:00 AM,19
2/24/19 12:00 AM,20
1/22/19 12:00 AM,21
3/6/19 12:00 AM,22
3/20/19 12:00 AM,23
3/8/19 12:00 AM,24
3/2/19 12:00 AM,25
2/4/19 12:00 AM,26
1/2/19 12:00 AM,27
1/10/19 12:00 AM,28
3/5/19 12:00 AM,29
1/13/19 12:00 AM,30
3/14/19 12:00 AM,31
2/24/19 12:00 AM,32
3/21/19 12:00 AM,33
3/3/19 12:00 AM,34
3/5/19 12:00 AM,35
2/22/19 12:00 AM,36
2/26/19 12:00 AM,37
2/2/19 12:00 AM,38
2/22/19 12:00 AM,39
1/19/19 12:00 AM,39
1/27/19 12:00 AM,39
2/27/19 12:00 AM,39
2/14/19 12:00 AM,39
3/23/19 12:00 AM,39
2/9/19 12:00 AM,39
3/22/19 12:00 AM,39
1/10/19 12:00 AM,39
3/1/19 12:00 AM,39
3/23/19 12:00 AM,39
2/24/19 12:00 AM,39
3/21/19 12:00 AM,39
1/28/19 12:00 AM,39
1/11/19 12:00 AM,39
1/12/19 12:00 AM,39
1/7/19 12:00 AM,39
1/6/19 12:00 AM,39
2/17/19 12:00 AM,39
1/18/19 12:00 AM,39
2/24/19 12:00 AM,39
1/1/19 12:00 AM,39
2/26/19 12:00 AM,39
2/5/19 12:00 AM,39
3/23/19 12:00 AM,39
2/3/19 12:00 AM,39
1/16/19 12:00 AM,39
2/2/19 12:00 AM,39
1/17/19 12:00 AM,39
3/4/19 12:00 AM,39
2/17/19 12:00 AM,39
1/14/19 12:00 AM,39
1/28/19 12:00 AM,39
1/2/19 12:00 AM,39
2/4/19 12:00 AM,39
2/19/19 12:00 AM,39
3/20/19 12:00 AM,39
2/11/19 12:00 AM,39
1/4/19 12:00 AM,39
1/5/19 12:00 AM,39
1/13/19 12:00 AM,39
1/30/19 12:00 AM,39
3/5/19 12:00 AM,39
3/6/19 12:00 AM,39
3/12/19 12:00 AM,39
1/11/19 12:00 AM,39
3/17/19 12:00 AM,39
1/20/19 12:00 AM,39
3/9/19 12:00 AM,39
3/16/19 12:00 AM,39
3/14/19 12:00 AM,39
2/23/19 12:00 AM,39
3/2/19 12:00 AM,39
1/10/19 12:00 AM,39
3/18/19 12:00 AM,39
1/30/19 12:00 AM,39
1/23/19 12:00 AM,39
1/6/19 12:00 AM,39
1/24/19 12:00 AM,39
1/17/19 12:00 AM,39
1/30/19 12:00 AM,39
1/4/19 12:00 AM,39
2/28/19 12:00 AM,39
1/19/19 12:00 AM,39
1/8/19 12:00 AM,39
2/14/19 12:00 AM,39
2/8/19 12:00 AM,39
2/16/19 12:00 AM,39
1/5/19 12:00 AM,39
2/8/19 12:00 AM,39
2/28/19 12:00 AM,39
2/19/19 12:00 AM,39
3/13/19 12:00 AM,39
1/31/19 12:00 AM,39
2/20/19 12:00 AM,39
2/22/19 12:00 AM,39
3/8/19 12:00 AM,39
1/28/19 12:00 AM,39
2/16/19 12:00 AM,39
2/20/19 12:00 AM,39
3/15/19 12:00 AM,39
1/26/19 12:00 AM,39
1/21/19 12:00 AM,39
2/17/19 12:00 AM,39